MATRICULA;PRIORIDADE;FINANCEIRO_1;ORGAO;TOTAL_PARCELAS;PARCELA_ATUAL;SISTEMA;VALOR;REFERENCIA;FINANCEIRO_2;RESERVADO;ORGAO_ANTERIOR;FINANCEIRO_ANTERIOR;DATA_PROCESSAMENTO;STATUS
0010995;F;658;012;999;001;D;000010000;202610;0;501067895;;;00000000;
0012939;D;658;097;999;001;D;000015000;202610;0;501068383;;;00000000;
0013218;M;658;027;999;001;D;000020000;202610;0;501048362;;;00000000;
0013633;H;658;095;999;001;D;000050000;202610;0;501047718;;;00000000;
0014206;G;658;027;999;001;D;000020000;202610;0;501178711;;;00000000;
0015687;K;658;027;999;001;D;000020000;202610;0;501228219;;;00000000;
0017256;G;658;097;999;001;D;000015000;202610;0;501134606;;;00000000;
0018856;B;658;097;999;001;D;000050000;202610;0;501179450;;;00000000;
0024716;E;658;097;999;001;D;000050000;202610;0;501027582;;;00000000;
0025496;J;658;097;999;001;D;000050000;202610;0;501028684;;;00000000;
0025615;L;658;009;999;001;D;000035000;202610;0;501028265;;;00000000;
0026123;H;658;009;999;001;D;000050000;202610;0;501029694;;;00000000;
0026581;L;658;009;999;001;D;000050000;202610;0;501135066;;;00000000;
002751X;K;658;009;999;001;D;000030000;202610;0;501032540;;;00000000;
0028029;G;658;009;999;001;D;000003000;202610;0;501199423;;;00000000;
0028053;R;658;009;999;001;D;000050000;202610;0;501068168;;;00000000;
0028274;I;658;009;999;001;D;000050000;202610;0;501008818;;;00000000;
0028452;H;658;097;999;001;D;000050000;202610;0;501217377;;;00000000;
0028509;K;658;009;999;001;D;000050000;202610;0;501223409;;;00000000;
0028517;F;658;097;999;001;D;000050000;202610;0;501009071;;;00000000;
0029629;K;658;009;999;001;D;000050000;202610;0;501246352;;;00000000;
0029696;K;658;097;999;001;D;000050000;202610;0;501200012;;;00000000;
0030333;K;658;097;999;001;D;000050000;202610;0;501134516;;;00000000;
0030970;G;658;009;999;001;D;000045000;202610;0;501049016;;;00000000;
0031143;K;658;009;999;001;D;000050000;202610;0;501223245;;;00000000;
0031151;H;658;009;999;001;D;000050000;202610;0;501048560;;;00000000;
003124X;S;658;009;999;001;D;000050000;202610;0;501114106;;;00000000;
0032506;L;658;097;999;001;D;000050000;202610;0;501009483;;;00000000;
0036099;H;658;012;999;001;D;000015000;202610;0;501134757;;;00000000;
0039349;L;658;012;999;001;D;000015000;202610;0;501068235;;;00000000;
0040045;F;658;012;999;001;D;000020000;202610;0;501008583;;;00000000;
0040231;G;658;012;999;001;D;000005000;202610;0;501222164;;;00000000;
0041009;I;658;012;999;001;D;000005000;202610;0;501200604;;;00000000;
0042269;I;658;012;999;001;D;000040000;202610;0;501049829;;;00000000;
0045110;H;658;097;999;001;D;000015000;202610;0;501027657;;;00000000;
0050067;J;658;097;999;001;D;000040000;202610;0;501008425;;;00000000;
0050172;I;658;119;999;001;D;000015000;202610;0;501134476;;;00000000;
0051306;H;658;016;999;001;D;000010000;202610;0;501222152;;;00000000;
0051314;F;658;016;999;001;D;000030000;202610;0;501112744;;;00000000;
0052175;F;658;016;999;001;D;000025000;202610;0;501179827;;;00000000;
0052604;I;658;016;999;001;D;000025000;202610;0;501202169;;;00000000;
0068934;F;658;021;999;001;D;000010000;202610;0;501222157;;;00000000;
0069116;I;658;021;999;001;D;000015000;202610;0;501223429;;;00000000;
0073482;I;658;021;999;001;D;000005000;202610;0;501223315;;;00000000;
0074667;I;658;027;999;001;D;000010000;202610;0;501245142;;;00000000;
0076384;I;658;001;999;001;D;000040000;202610;0;501088636;;;00000000;
0077780;O;658;027;999;001;D;000030000;202610;0;501245456;;;00000000;
0079731;H;658;097;999;001;D;000015000;202610;0;501198553;;;00000000;
0087491;M;658;120;999;001;D;000035000;202610;0;501201758;;;00000000;
0090565;Q;658;097;999;001;D;000003000;202610;0;400308293;;;00000000;
0092614;I;658;027;999;001;D;000050000;202610;0;501200346;;;00000000;
0092797;Q;658;097;999;001;D;000035000;202610;0;501289388;;;00000000;
0093220;M;658;027;999;001;D;000050000;202610;0;501223424;;;00000000;
0093645;H;658;097;999;001;D;000010000;202610;0;501029791;;;00000000;
0094447;L;658;027;999;001;D;000050000;202610;0;501200177;;;00000000;
0095338;P;658;027;999;001;D;000045000;202610;0;501009126;;;00000000;
0096504;H;658;027;999;001;D;000050000;202610;0;501134598;;;00000000;
0096571;N;658;027;999;001;D;000040000;202610;0;501245751;;;00000000;
0096750;J;658;027;999;001;D;000035000;202610;0;501029347;;;00000000;
0097837;E;658;097;999;001;D;000020000;202610;0;501202339;;;00000000;
0098752;K;658;097;999;001;D;000030000;202610;0;501223879;;;00000000;
0100609;L;658;097;999;001;D;000045000;202610;0;501155340;;;00000000;
0103454;N;658;097;999;001;D;000020000;202610;0;501027679;;;00000000;
0103764;J;658;097;999;001;D;000040000;202610;0;501179786;;;00000000;
0103888;M;658;097;999;001;D;000050000;202610;0;501134175;;;00000000;
0105031;I;658;097;999;001;D;000040000;202610;0;501223238;;;00000000;
0105724;J;658;097;999;001;D;000050000;202610;0;501154461;;;00000000;
0107417;J;658;097;999;001;D;000030000;202610;0;501245806;;;00000000;
0107468;H;658;097;999;001;D;000020000;202610;0;501133358;;;00000000;
0108367;H;658;097;999;001;D;000030000;202610;0;501154325;;;00000000;
0109304;H;658;097;999;001;D;000050000;202610;0;501222316;;;00000000;
011059X;I;658;097;999;001;D;000015000;202610;0;501222064;;;00000000;
0111465;K;658;097;999;001;D;000040000;202610;0;501223525;;;00000000;
0111538;P;658;097;999;001;D;000045000;202610;0;501029954;;;00000000;
0114545;K;658;097;999;001;D;000045000;202610;0;501200267;;;00000000;
0115843;N;658;097;999;001;D;000015000;202610;0;501201158;;;00000000;
0117277;J;658;097;999;001;D;000015000;202610;0;501068564;;;00000000;
011918X;J;658;097;999;001;D;000015000;202610;0;501027636;;;00000000;
0119270;F;658;097;999;001;D;000030000;202610;0;501087959;;;00000000;
0120448;O;658;097;999;001;D;000005000;202610;0;501224470;;;00000000;
0120553;F;658;097;999;001;D;000025000;202610;0;501245394;;;00000000;
0121657;Q;658;097;999;001;D;000025000;202610;0;501202171;;;00000000;
0121690;O;658;097;999;001;D;000050000;202610;0;501050988;;;00000000;
0122416;H;658;097;999;001;D;000050000;202610;0;501027904;;;00000000;
0123269;I;658;097;999;001;D;000040000;202610;0;501179768;;;00000000;
0125440;H;658;097;999;001;D;000030000;202610;0;501179940;;;00000000;
0125610;K;658;097;999;001;D;000040000;202610;0;501277742;;;00000000;
0125989;O;658;097;999;001;D;000050000;202610;0;501135516;;;00000000;
0126179;M;658;097;999;001;D;000040000;202610;0;501181250;;;00000000;
0127370;K;658;097;999;001;D;000050000;202610;0;501245141;;;00000000;
0127884;M;658;028;999;001;D;000050000;202610;0;501049213;;;00000000;
012843X;L;658;028;999;001;D;000050000;202610;0;501223177;;;00000000;
0129216;O;658;097;999;001;D;000050000;202610;0;501179543;;;00000000;
0129569;L;658;097;999;001;D;000020000;202610;0;501193002;;;00000000;
0130311;Q;658;097;999;001;D;000015000;202610;0;501245171;;;00000000;
0130605;J;658;097;999;001;D;000020000;202610;0;501245565;;;00000000;
0130648;N;658;097;999;001;D;000025000;202610;0;501223399;;;00000000;
0130966;N;658;028;999;001;D;000050000;202610;0;501154953;;;00000000;
0131008;L;658;321;999;001;D;000050000;202610;0;501134604;;;00000000;
0132152;L;658;097;999;001;D;000015000;202610;0;501154606;;;00000000;
0132497;N;658;028;999;001;D;000025000;202610;0;501154067;;;00000000;
0132764;H;658;097;999;001;D;000003000;202610;0;400319320;;;00000000;
0132888;H;658;028;999;001;D;000040000;202610;0;501050071;;;00000000;
0132977;M;658;097;999;001;D;000050000;202610;0;501246018;;;00000000;
0133264;G;658;097;999;001;D;000030000;202610;0;501009289;;;00000000;
0133566;H;658;097;999;001;D;000030000;202610;0;501179870;;;00000000;
0133582;J;658;028;999;001;D;000040000;202610;0;501087533;;;00000000;
0134015;E;658;097;999;001;D;000035000;202610;0;501199893;;;00000000;
0134236;Q;658;028;999;001;D;000050000;202610;0;501009550;;;00000000;
0136913;M;658;028;999;001;D;000030000;202610;0;501009344;;;00000000;
0137596;L;658;028;999;001;D;000045000;202610;0;501111262;;;00000000;
0137618;H;658;097;999;001;D;000015000;202610;0;501135356;;;00000000;
0137715;K;658;097;999;001;D;000025000;202610;0;501028877;;;00000000;
0138223;R;658;028;999;001;D;000010000;202610;0;501087736;;;00000000;
0138533;M;658;097;999;001;D;000015000;202610;0;501154695;;;00000000;
0139173;N;658;028;999;001;D;000050000;202610;0;501200767;;;00000000;
013989X;H;658;097;999;001;D;000035000;202610;0;501245321;;;00000000;
0140414;N;658;028;999;001;D;000035000;202610;0;501245926;;;00000000;
0140520;P;658;028;999;001;D;000050000;202610;0;501202340;;;00000000;
0140589;L;658;028;999;001;D;000030000;202610;0;501027675;;;00000000;
0140902;G;658;097;999;001;D;000030000;202610;0;501177121;;;00000000;
0141038;P;658;321;999;001;D;000025000;202610;0;501266514;;;00000000;
0141186;I;658;028;999;001;D;000030000;202610;0;501228212;;;00000000;
0141445;K;658;097;999;001;D;000035000;202610;0;501092493;;;00000000;
0142832;L;658;097;999;001;D;000025000;202610;0;501074641;;;00000000;
0143049;L;658;028;999;001;D;000035000;202610;0;501223527;;;00000000;
0143219;M;658;321;999;001;D;000010000;202610;0;501222686;;;00000000;
0143391;H;658;028;999;001;D;000020000;202610;0;501228234;;;00000000;
0144576;H;658;097;999;001;D;000050000;202610;0;501027647;;;00000000;
0144959;P;658;028;999;001;D;000020000;202610;0;501135155;;;00000000;
0145149;I;658;097;999;001;D;000010000;202610;0;501028353;;;00000000;
0145238;K;658;097;999;001;D;000020000;202610;0;501179526;;;00000000;
0146145;N;658;097;999;001;D;000020000;202610;0;501200285;;;00000000;
0146854;J;658;028;999;001;D;000025000;202610;0;501113754;;;00000000;
0147257;J;658;012;999;001;D;000020000;202610;0;501028208;;;00000000;
0147303;F;658;097;999;001;D;000015000;202610;0;501134587;;;00000000;
0147729;E;658;097;999;001;D;000003000;202610;0;400341330;;;00000000;
0148091;J;658;028;999;001;D;000015000;202610;0;501048620;;;00000000;
014821X;N;658;028;999;001;D;000025000;202610;0;501177334;;;00000000;
0148458;I;658;028;999;001;D;000030000;202610;0;501088312;;;00000000;
014852X;N;658;027;999;001;D;000030000;202610;0;501027547;;;00000000;
0149047;I;658;028;999;001;D;000040000;202610;0;501049018;;;00000000;
0149080;K;658;097;999;001;D;000010000;202610;0;501008905;;;00000000;
0149306;L;658;097;999;001;D;000003000;202610;0;400395439;;;00000000;
0149314;M;658;028;999;001;D;000050000;202610;0;501222437;;;00000000;
0149896;L;658;097;999;001;D;000020000;202610;0;501062607;;;00000000;
0150053;J;658;028;999;001;D;000025000;202610;0;501087649;;;00000000;
0150088;J;658;028;999;001;D;000040000;202610;0;501201285;;;00000000;
0150100;J;658;097;999;001;D;000030000;202610;0;501223878;;;00000000;
0150274;I;658;097;999;001;D;000030000;202610;0;501135243;;;00000000;
0150932;K;658;097;999;001;D;000025000;202610;0;501009094;;;00000000;
0151092;J;658;028;999;001;D;000015000;202610;0;501051082;;;00000000;
0151165;H;658;097;999;001;D;000015000;202610;0;501182969;;;00000000;
0152013;J;658;028;999;001;D;000040000;202610;0;501180985;;;00000000;
0152064;Q;658;028;999;001;D;000045000;202610;0;501048687;;;00000000;
0152668;N;658;028;999;001;D;000030000;202610;0;501268656;;;00000000;
015273X;O;658;097;999;001;D;000025000;202610;0;501067915;;;00000000;
0153834;P;658;028;999;001;D;000015000;202610;0;501068726;;;00000000;
015449X;L;658;028;999;001;D;000020000;202610;0;501029674;;;00000000;
0154571;I;658;028;999;001;D;000020000;202610;0;501154354;;;00000000;
0155420;L;658;097;999;001;D;000025000;202610;0;501027648;;;00000000;
015547X;N;658;097;999;001;D;000035000;202610;0;501027587;;;00000000;
015600X;F;658;028;999;001;D;000025000;202610;0;501228232;;;00000000;
0156701;P;658;028;999;001;D;000020000;202610;0;501134162;;;00000000;
0156825;K;658;028;999;001;D;000035000;202610;0;501200595;;;00000000;
0158178;O;658;028;999;001;D;000025000;202610;0;501180133;;;00000000;
0158771;K;658;028;999;001;D;000020000;202610;0;501068484;;;00000000;
0159581;N;658;028;999;001;D;000015000;202610;0;501245826;;;00000000;
0159727;G;658;028;999;001;D;000015000;202610;0;501087800;;;00000000;
0160792;L;658;028;999;001;D;000030000;202610;0;501223094;;;00000000;
016083X;J;658;097;999;001;D;000035000;202610;0;501222561;;;00000000;
0161128;M;658;028;999;001;D;000035000;202610;0;501172018;;;00000000;
0161144;N;658;097;999;001;D;000030000;202610;0;501200200;;;00000000;
0161420;I;658;028;999;001;D;000045000;202610;0;501178081;;;00000000;
0161713;L;658;028;999;001;D;000035000;202610;0;501179547;;;00000000;
0163767;K;658;030;999;001;D;000003000;202610;0;400273675;;;00000000;
0163996;J;658;097;999;001;D;000015000;202610;0;501009600;;;00000000;
0165026;J;658;030;999;001;D;000020000;202610;0;501268099;;;00000000;
0165239;J;658;030;999;001;D;000015000;202610;0;501027539;;;00000000;
0165298;K;658;030;999;001;D;000020000;202610;0;501178079;;;00000000;
0165751;M;658;030;999;001;D;000015000;202610;0;501088042;;;00000000;
0166430;M;658;030;999;001;D;000015000;202610;0;501179078;;;00000000;
0176958;N;658;090;999;001;D;000050000;202610;0;501154466;;;00000000;
0181200;D;658;097;999;001;D;000015000;202610;0;501201984;;;00000000;
0181684;F;658;012;999;001;D;000015000;202610;0;501027603;;;00000000;
0181803;I;658;097;999;001;D;000020000;202610;0;501068295;;;00000000;
0182958;D;658;097;999;001;D;000003000;202610;0;400330188;;;00000000;
0183890;B;658;097;999;001;D;000050000;202610;0;501113280;;;00000000;
0186082;J;658;012;999;001;D;000020000;202610;0;501222867;;;00000000;
0186716;F;658;097;999;001;D;000005000;202610;0;501200517;;;00000000;
0189936;H;658;012;999;001;D;000003000;202610;0;400341315;;;00000000;
0190411;K;658;097;999;001;D;000015000;202610;0;501154808;;;00000000;
0190616;E;658;012;999;001;D;000003000;202610;0;400319072;;;00000000;
0191442;F;658;012;999;001;D;000015000;202610;0;501155050;;;00000000;
0191663;G;658;012;999;001;D;000010000;202610;0;501027674;;;00000000;
0193151;G;658;012;999;001;D;000015000;202610;0;501201022;;;00000000;
0193372;B;658;012;999;001;D;000003000;202610;0;400341238;;;00000000;
0210919;H;658;097;999;001;D;000025000;202610;0;501111290;;;00000000;
0211087;F;658;012;999;001;D;000020000;202610;0;501087522;;;00000000;
0211842;F;658;012;999;001;D;000015000;202610;0;501049643;;;00000000;
0215015;I;658;012;999;001;D;000030000;202610;0;501228240;;;00000000;
0215147;F;658;012;999;001;D;000005000;202610;0;501008114;;;00000000;
0216259;D;658;012;999;001;D;000010000;202610;0;501008060;;;00000000;
0218332;G;658;097;999;001;D;000003000;202610;0;400341246;;;00000000;
0219061;G;658;012;999;001;D;000005000;202610;0;501239017;;;00000000;
0219266;G;658;012;999;001;D;000010000;202610;0;501222109;;;00000000;
0225673;H;658;240;999;001;D;000015000;202610;0;501136101;;;00000000;
0238791;I;658;040;999;001;D;000015000;202610;0;501089903;;;00000000;
0241687;F;658;120;999;001;D;000005000;202610;0;501222153;;;00000000;
0247413;E;658;097;999;001;D;000010000;202610;0;501154006;;;00000000;
025043X;F;658;120;999;001;D;000030000;202610;0;501022142;;;00000000;
0250805;K;658;120;999;001;D;000005000;202610;0;501181244;;;00000000;
0251020;I;658;120;999;001;D;000030000;202610;0;501223231;;;00000000;
0251275;F;658;120;999;001;D;000015000;202610;0;501201946;;;00000000;
0252964;K;658;120;999;001;D;000025000;202610;0;501181240;;;00000000;
0253740;H;658;120;999;001;D;000040000;202610;0;501181184;;;00000000;
025513X;O;658;120;999;001;D;000035000;202610;0;501180984;;;00000000;
0255190;I;658;120;999;001;D;000025000;202610;0;501181247;;;00000000;
0261483;H;658;095;999;001;D;000050000;202610;0;501268241;;;00000000;
0264334;I;658;027;999;001;D;000015000;202610;0;501246356;;;00000000;
0274194;J;658;089;999;001;D;000025000;202610;0;501245805;;;00000000;
0279293;D;658;090;999;001;D;000003000;202610;0;400319001;;;00000000;
0286621;J;658;090;999;001;D;000030000;202610;0;501134549;;;00000000;
0287130;K;658;090;999;001;D;000020000;202610;0;501090668;;;00000000;
0291234;K;658;090;999;001;D;000050000;202610;0;501245666;;;00000000;
029609X;J;658;090;999;001;D;000035000;202610;0;501223422;;;00000000;
0300721;O;658;090;999;001;D;000050000;202610;0;501179483;;;00000000;
030310X;I;658;095;999;001;D;000050000;202610;0;501245754;;;00000000;
0303305;M;658;095;999;001;D;000050000;202610;0;501262356;;;00000000;
0304182;J;658;095;999;001;D;000050000;202610;0;501087531;;;00000000;
0305588;N;658;095;999;001;D;000030000;202610;0;501008219;;;00000000;
0305995;J;658;097;999;001;D;000040000;202610;0;501067888;;;00000000;
0331368;L;658;097;999;001;D;000050000;202610;0;501033320;;;00000000;
0358444;G;658;097;999;001;D;000003000;202610;0;400273633;;;00000000;
0359939;I;658;012;999;001;D;000025000;202610;0;501064468;;;00000000;
0360996;F;658;012;999;001;D;000003000;202610;0;400318996;;;00000000;
036527X;G;658;095;999;001;D;000050000;202610;0;501111263;;;00000000;
0366269;F;658;097;999;001;D;000010000;202610;0;501049430;;;00000000;
0366340;J;658;012;999;001;D;000015000;202610;0;501029876;;;00000000;
0368393;H;658;012;999;001;D;000003000;202610;0;400407530;;;00000000;
0368440;M;658;012;999;001;D;000025000;202610;0;501222836;;;00000000;
0370312;J;658;012;999;001;D;000015000;202610;0;501245756;;;00000000;
0370975;J;658;012;999;001;D;000035000;202610;0;501177336;;;00000000;
0380121;I;658;009;999;001;D;000050000;202610;0;501090462;;;00000000;
0381489;M;658;027;999;001;D;000050000;202610;0;501028655;;;00000000;
0386740;K;658;097;999;001;D;000045000;202610;0;501027720;;;00000000;
038780X;G;658;012;999;001;D;000020000;202610;0;501030151;;;00000000;
0387886;H;658;012;999;001;D;000015000;202610;0;501049352;;;00000000;
0391263;J;658;095;999;001;D;000035000;202610;0;501201613;;;00000000;
0391484;I;658;095;999;001;D;000030000;202610;0;501028001;;;00000000;
0412899;G;658;097;999;001;D;000025000;202610;0;501245488;;;00000000;
041310X;H;658;012;999;001;D;000020000;202610;0;501036594;;;00000000;
0418706;M;658;009;999;001;D;000045000;202610;0;501029822;;;00000000;
0425834;J;658;009;999;001;D;000030000;202610;0;501154646;;;00000000;
0427314;H;658;009;999;001;D;000050000;202610;0;501027575;;;00000000;
0428795;E;658;097;999;001;D;000015000;202610;0;501177726;;;00000000;
0431338;J;658;097;999;001;D;000020000;202610;0;501068293;;;00000000;
0433217;G;658;012;999;001;D;000015000;202610;0;501272308;;;00000000;
0435961;H;658;012;999;001;D;000005000;202610;0;501201457;;;00000000;
0436526;M;658;027;999;001;D;000050000;202610;0;501223779;;;00000000;
0438197;L;658;009;999;001;D;000030000;202610;0;501134943;;;00000000;
0460290;J;658;911;999;001;D;000040000;202610;0;501228211;;;00000000;
0464228;E;658;090;999;001;D;000030000;202610;0;501238640;;;00000000;
0467138;N;658;009;999;001;D;000030000;202610;0;501027580;;;00000000;
0472131;J;658;027;999;001;D;000050000;202610;0;501223933;;;00000000;
0474991;L;658;321;999;001;D;000050000;202610;0;501049175;;;00000000;
0478920;K;658;911;999;001;D;000040000;202610;0;501154513;;;00000000;
0484890;J;658;911;999;001;D;000040000;202610;0;501269388;;;00000000;
0485748;D;658;911;999;001;D;000003000;202610;0;400407454;;;00000000;
0497860;L;658;911;999;001;D;000035000;202610;0;501195620;;;00000000;
0503363;G;658;911;999;001;D;000040000;202610;0;501200361;;;00000000;
0510866;I;658;911;999;001;D;000040000;202610;0;501222769;;;00000000;
0511749;G;658;911;999;001;D;000005000;202610;0;501111288;;;00000000;
0513032;H;658;911;999;001;D;000020000;202610;0;501134610;;;00000000;
0514535;N;658;911;999;001;D;000010000;202610;0;501029914;;;00000000;
0520551;F;658;911;999;001;D;000045000;202610;0;501028116;;;00000000;
0527475;H;658;911;999;001;D;000003000;202610;0;400296229;;;00000000;
052789X;H;658;911;999;001;D;000025000;202610;0;501033821;;;00000000;
0533629;G;658;911;999;001;D;000003000;202610;0;400296176;;;00000000;
0536580;L;658;911;999;001;D;000035000;202610;0;501049045;;;00000000;
0543993;J;658;911;999;001;D;000035000;202610;0;501228233;;;00000000;
0547352;I;658;911;999;001;D;000040000;202610;0;501068376;;;00000000;
055689X;L;658;911;999;001;D;000020000;202610;0;501134785;;;00000000;
055790X;M;658;911;999;001;D;000040000;202610;0;501269771;;;00000000;
0560464;H;658;911;999;001;D;000035000;202610;0;501028264;;;00000000;
0561835;I;658;911;999;001;D;000030000;202610;0;501134169;;;00000000;
0571334;I;658;911;999;001;D;000030000;202610;0;501135916;;;00000000;
0575771;K;658;911;999;001;D;000030000;202610;0;501154776;;;00000000;
0577260;N;658;911;999;001;D;000035000;202610;0;501069767;;;00000000;
0579882;J;658;911;999;001;D;000025000;202610;0;501178553;;;00000000;
0580970;K;658;911;999;001;D;000030000;202610;0;501134360;;;00000000;
0582166;J;658;911;999;001;D;000035000;202610;0;501027990;;;00000000;
0583618;M;658;911;999;001;D;000035000;202610;0;501027644;;;00000000;
0584517;K;658;911;999;001;D;000020000;202610;0;501008311;;;00000000;
0585122;H;658;914;999;001;D;000010000;202610;0;501113101;;;00000000;
0588431;K;658;911;999;001;D;000035000;202610;0;501029878;;;00000000;
0593419;J;658;911;999;001;D;000035000;202610;0;501027624;;;00000000;
0602124;H;658;021;999;001;D;000015000;202610;0;501222669;;;00000000;
0603198;I;658;911;999;001;D;000035000;202610;0;501089408;;;00000000;
0610313;K;658;911;999;001;D;000040000;202610;0;501008494;;;00000000;
0618055;M;658;911;999;001;D;000010000;202610;0;501027552;;;00000000;
0619809;H;658;911;999;001;D;000040000;202610;0;501007994;;;00000000;
062058X;I;658;911;999;001;D;000040000;202610;0;501113598;;;00000000;
0624128;I;658;911;999;001;D;000040000;202610;0;501198761;;;00000000;
0625329;H;658;911;999;001;D;000030000;202610;0;501246030;;;00000000;
0628174;I;658;911;999;001;D;000025000;202610;0;501201273;;;00000000;
0634751;G;658;914;999;001;D;000025000;202610;0;501088187;;;00000000;
0639915;K;658;911;999;001;D;000020000;202610;0;501027597;;;00000000;
0642924;G;658;911;999;001;D;000010000;202610;0;501068017;;;00000000;
0660442;F;658;911;999;001;D;000005000;202610;0;501201229;;;00000000;
0660728;E;658;914;999;001;D;000015000;202610;0;501191300;;;00000000;
0662917;G;658;911;999;001;D;000030000;202610;0;501202356;;;00000000;
066787X;H;658;911;999;001;D;000035000;202610;0;501092741;;;00000000;
0668427;I;658;911;999;001;D;000003000;202610;0;400341207;;;00000000;
0671959;G;658;012;999;001;D;000015000;202610;0;501048786;;;00000000;
0674516;J;658;097;999;001;D;000015000;202610;0;501201339;;;00000000;
0681555;H;658;914;999;001;D;000020000;202610;0;501028492;;;00000000;
0683884;N;658;911;999;001;D;000040000;202610;0;501008411;;;00000000;
0684783;G;658;911;999;001;D;000003000;202610;0;400319134;;;00000000;
0688185;I;658;911;999;001;D;000030000;202610;0;501180557;;;00000000;
0688487;L;658;911;999;001;D;000015000;202610;0;501180144;;;00000000;
0689262;I;658;914;999;001;D;000005000;202610;0;501049530;;;00000000;
0689955;G;658;914;999;001;D;000010000;202610;0;501088232;;;00000000;
0691151;L;658;911;999;001;D;000035000;202610;0;501181394;;;00000000;
0708186;M;658;911;999;001;D;000035000;202610;0;501245500;;;00000000;
0708593;I;658;911;999;001;D;000010000;202610;0;501115278;;;00000000;
0711845;M;658;021;999;001;D;000025000;202610;0;501074491;;;00000000;
0712353;N;658;011;999;001;D;000010000;202610;0;501245571;;;00000000;
0712566;H;658;911;999;001;D;000025000;202610;0;501009229;;;00000000;
0714429;I;658;911;999;001;D;000030000;202610;0;501154443;;;00000000;
0717991;L;658;911;999;001;D;000035000;202610;0;501195621;;;00000000;
0725340;R;658;911;999;001;D;000010000;202610;0;501153949;;;00000000;
0725439;K;658;911;999;001;D;000010000;202610;0;501068259;;;00000000;
0726281;F;658;911;999;001;D;000045000;202610;0;501202202;;;00000000;
0731374;J;658;911;999;001;D;000030000;202610;0;501032373;;;00000000;
0732206;D;658;911;999;001;D;000003000;202610;0;400296184;;;00000000;
0732931;J;658;911;999;001;D;000030000;202610;0;501222019;;;00000000;
073593X;J;658;911;999;001;D;000035000;202610;0;501246031;;;00000000;
073657X;K;658;911;999;001;D;000025000;202610;0;501157331;;;00000000;
0736821;P;658;911;999;001;D;000035000;202610;0;501200145;;;00000000;
0736902;L;658;911;999;001;D;000010000;202610;0;501069904;;;00000000;
073724X;I;658;911;999;001;D;000035000;202610;0;501027581;;;00000000;
0738000;I;658;911;999;001;D;000015000;202610;0;501268239;;;00000000;
0743062;M;658;911;999;001;D;000035000;202610;0;501129998;;;00000000;
0743291;M;658;914;999;001;D;000040000;202610;0;501135059;;;00000000;
0752657;M;658;911;999;001;D;000035000;202610;0;501027637;;;00000000;
0752665;J;658;911;999;001;D;000030000;202610;0;501228228;;;00000000;
075277X;K;658;911;999;001;D;000030000;202610;0;501246083;;;00000000;
0753696;M;658;911;999;001;D;000035000;202610;0;501201073;;;00000000;
0754986;N;658;911;999;001;D;000030000;202610;0;501272315;;;00000000;
0755664;M;658;911;999;001;D;000035000;202610;0;501028831;;;00000000;
075859X;L;658;911;999;001;D;000025000;202610;0;501179433;;;00000000;
0758990;J;658;911;999;001;D;000045000;202610;0;501008980;;;00000000;
0759996;J;658;911;999;001;D;000040000;202610;0;501212838;;;00000000;
0761494;F;658;914;999;001;D;000010000;202610;0;501246109;;;00000000;
0763241;L;658;911;999;001;D;000030000;202610;0;501028042;;;00000000;
0765031;R;658;001;999;001;D;000045000;202610;0;501087786;;;00000000;
0767239;I;658;911;999;001;D;000035000;202610;0;501222487;;;00000000;
0768308;H;658;911;999;001;D;000010000;202610;0;501222838;;;00000000;
0769452;H;658;911;999;001;D;000003000;202610;0;400319042;;;00000000;
0770094;G;658;911;999;001;D;000020000;202610;0;501223875;;;00000000;
0772348;I;658;911;999;001;D;000030000;202610;0;501223174;;;00000000;
0773417;L;658;911;999;001;D;000020000;202610;0;501245755;;;00000000;
0773484;J;658;911;999;001;D;000035000;202610;0;501027584;;;00000000;
0773930;E;658;914;999;001;D;000010000;202610;0;501029949;;;00000000;
0774049;K;658;911;999;001;D;000030000;202610;0;501177728;;;00000000;
0774138;K;658;911;999;001;D;000030000;202610;0;501112309;;;00000000;
0774677;L;658;911;999;001;D;000035000;202610;0;501181186;;;00000000;
0778761;H;658;911;999;001;D;000030000;202610;0;501180532;;;00000000;
0779270;I;658;914;999;001;D;000020000;202610;0;501246016;;;00000000;
0781363;E;658;914;999;001;D;000015000;202610;0;501182966;;;00000000;
0781762;J;658;911;999;001;D;000025000;202610;0;501223940;;;00000000;
0782696;K;658;911;999;001;D;000030000;202610;0;501202203;;;00000000;
0782904;I;658;911;999;001;D;000020000;202610;0;501062610;;;00000000;
0783269;L;658;911;999;001;D;000030000;202610;0;501222380;;;00000000;
0788627;N;658;028;999;001;D;000035000;202610;0;501269315;;;00000000;
0792420;P;658;028;999;001;D;000020000;202610;0;501199430;;;00000000;
079247X;J;658;028;999;001;D;000020000;202610;0;501222680;;;00000000;
0796310;E;658;027;999;001;D;000025000;202610;0;501134771;;;00000000;
0796549;J;658;028;999;001;D;000025000;202610;0;501082811;;;00000000;
0796913;L;658;028;999;001;D;000035000;202610;0;501200343;;;00000000;
0796956;J;658;097;999;001;D;000025000;202610;0;501009559;;;00000000;
0798479;H;658;015;999;001;D;000040000;202610;0;501128274;;;00000000;
0798584;K;658;028;999;001;D;000015000;202610;0;501224480;;;00000000;
0798690;K;658;097;999;001;D;000030000;202610;0;501029346;;;00000000;
0800163;O;658;028;999;001;D;000020000;202610;0;501270119;;;00000000;
0800180;L;658;028;999;001;D;000015000;202610;0;501062603;;;00000000;
0800287;J;658;097;999;001;D;000025000;202610;0;501049331;;;00000000;
0800406;J;658;097;999;001;D;000035000;202610;0;501200770;;;00000000;
0802573;L;658;028;999;001;D;000040000;202610;0;501054697;;;00000000;
0803049;K;658;097;999;001;D;000025000;202610;0;501049172;;;00000000;
0805734;J;658;911;999;001;D;000030000;202610;0;501048784;;;00000000;
0807150;E;658;028;999;001;D;000015000;202610;0;501113649;;;00000000;
0810258;O;658;009;999;001;D;000050000;202610;0;501009185;;;00000000;
081130X;K;658;911;999;001;D;000035000;202610;0;501245828;;;00000000;
0812226;K;658;911;999;001;D;000030000;202610;0;501028988;;;00000000;
0812536;I;658;914;999;001;D;000035000;202610;0;501027828;;;00000000;
0813524;J;658;914;999;001;D;000020000;202610;0;501180545;;;00000000;
0813591;N;658;914;999;001;D;000035000;202610;0;501028183;;;00000000;
0819891;L;658;914;999;001;D;000030000;202610;0;501134607;;;00000000;
0824577;K;658;028;999;001;D;000010000;202610;0;501190638;;;00000000;
0824810;L;658;028;999;001;D;000025000;202610;0;501222770;;;00000000;
0824933;G;658;028;999;001;D;000030000;202610;0;501087605;;;00000000;
0825450;H;658;028;999;001;D;000035000;202610;0;501239299;;;00000000;
0825468;J;658;028;999;001;D;000025000;202610;0;501082993;;;00000000;
0825522;K;658;028;999;001;D;000015000;202610;0;501049865;;;00000000;
0825697;M;658;116;999;001;D;000030000;202610;0;501184253;;;00000000;
0825867;J;658;028;999;001;D;000020000;202610;0;501067791;;;00000000;
0826251;O;658;028;999;001;D;000015000;202610;0;501068158;;;00000000;
0826774;D;658;028;999;001;D;000030000;202610;0;501068263;;;00000000;
0826898;J;658;028;999;001;D;000015000;202610;0;501223217;;;00000000;
0826944;O;658;097;999;001;D;000030000;202610;0;501088185;;;00000000;
0827720;M;658;321;999;001;D;000030000;202610;0;501202008;;;00000000;
0828700;L;658;028;999;001;D;000030000;202610;0;501064467;;;00000000;
0828823;F;658;028;999;001;D;000035000;202610;0;501154024;;;00000000;
0834076;L;658;028;999;001;D;000030000;202610;0;501009011;;;00000000;
083444X;L;658;028;999;001;D;000035000;202610;0;501088781;;;00000000;
0834831;R;658;028;999;001;D;000010000;202610;0;501067945;;;00000000;
083492X;K;658;028;999;001;D;000010000;202610;0;501201712;;;00000000;
0834971;H;658;028;999;001;D;000025000;202610;0;501244850;;;00000000;
0835064;G;658;090;999;001;D;000030000;202610;0;501008335;;;00000000;
0837067;L;658;911;999;001;D;000035000;202610;0;501200573;;;00000000;
0838390;K;658;911;999;001;D;000020000;202610;0;501223425;;;00000000;
0838926;O;658;914;999;001;D;000020000;202610;0;501228245;;;00000000;
0839396;N;658;911;999;001;D;000035000;202610;0;501216977;;;00000000;
0840165;G;658;911;999;001;D;000015000;202610;0;501028715;;;00000000;
0842125;K;658;028;999;001;D;000020000;202610;0;501228252;;;00000000;
0842290;I;658;097;999;001;D;000003000;202610;0;400330233;;;00000000;
0842630;J;658;028;999;001;D;000025000;202610;0;501201961;;;00000000;
0842737;N;658;028;999;001;D;000050000;202610;0;501049871;;;00000000;
0843016;K;658;028;999;001;D;000010000;202610;0;501067183;;;00000000;
0843849;K;658;097;999;001;D;000040000;202610;0;501201864;;;00000000;
0845825;L;658;911;999;001;D;000035000;202610;0;501222685;;;00000000;
0847143;H;658;028;999;001;D;000035000;202610;0;501155327;;;00000000;
0848859;F;658;321;999;001;D;000005000;202610;0;501246117;;;00000000;
0848883;J;658;028;999;001;D;000030000;202610;0;501179634;;;00000000;
0848891;G;658;028;999;001;D;000030000;202610;0;501200316;;;00000000;
0848921;H;658;028;999;001;D;000015000;202610;0;501179069;;;00000000;
0851809;N;658;911;999;001;D;000030000;202610;0;501049363;;;00000000;
0854026;O;658;028;999;001;D;000030000;202610;0;501088128;;;00000000;
0854352;K;658;028;999;001;D;000010000;202610;0;501062604;;;00000000;
0855014;I;658;028;999;001;D;000035000;202610;0;501222068;;;00000000;
0855871;J;658;097;999;001;D;000025000;202610;0;501243316;;;00000000;
0855952;M;658;028;999;001;D;000020000;202610;0;501088247;;;00000000;
0856754;J;658;028;999;001;D;000030000;202610;0;501154694;;;00000000;
0857416;N;658;028;999;001;D;000025000;202610;0;501222578;;;00000000;
0857424;P;658;028;999;001;D;000020000;202610;0;501157213;;;00000000;
0858030;K;658;097;999;001;D;000010000;202610;0;501167679;;;00000000;
0858145;H;658;028;999;001;D;000030000;202610;0;501135392;;;00000000;
0858170;D;658;028;999;001;D;000030000;202610;0;501245952;;;00000000;
0858536;K;658;097;999;001;D;000030000;202610;0;501201053;;;00000000;
0858609;J;658;028;999;001;D;000025000;202610;0;501135115;;;00000000;
085887X;G;658;097;999;001;D;000025000;202610;0;501090083;;;00000000;
0860719;L;658;911;999;001;D;000035000;202610;0;501222189;;;00000000;
0863190;J;658;911;999;001;D;000030000;202610;0;501217638;;;00000000;
0865826;H;658;914;999;001;D;000005000;202610;0;501244828;;;00000000;
0880248;K;658;028;999;001;D;000025000;202610;0;501053288;;;00000000;
0900010;I;658;090;999;001;D;000025000;202610;0;501154986;;;00000000;
0906000;B;658;090;999;001;D;000050000;202610;0;501134678;;;00000000;
0920525;N;658;090;999;001;D;000025000;202610;0;501027928;;;00000000;
0922757;K;658;030;999;001;D;000025000;202610;0;501048564;;;00000000;
0925748;J;658;011;999;001;D;000020000;202610;0;501223401;;;00000000;
0953601;I;658;090;999;001;D;000035000;202610;0;501030152;;;00000000;
0957623;K;658;914;999;001;D;000015000;202610;0;501246164;;;00000000;
0962147;I;658;001;999;001;D;000015000;202610;0;501245917;;;00000000;
0968013;E;658;012;999;001;D;000010000;202610;0;501238641;;;00000000;
0970425;K;658;011;999;001;D;000015000;202610;0;501068386;;;00000000;
0971111;L;658;914;999;001;D;000005000;202610;0;501246264;;;00000000;
0980056;I;658;914;999;001;D;000035000;202610;0;501228238;;;00000000;
0993514;J;658;914;999;001;D;000030000;202610;0;501049572;;;00000000;
0997242;I;658;914;999;001;D;000040000;202610;0;501246084;;;00000000;
0997544;H;658;914;999;001;D;000015000;202610;0;501009066;;;00000000;
1013530;M;658;914;999;001;D;000030000;202610;0;501200232;;;00000000;
1021982;I;658;090;999;001;D;000015000;202610;0;501027659;;;00000000;
1034235;J;658;914;999;001;D;000030000;202610;0;501246291;;;00000000;
1034324;L;658;914;999;001;D;000030000;202610;0;501032431;;;00000000;
1039067;L;658;914;999;001;D;000025000;202610;0;501222357;;;00000000;
1042866;I;658;914;999;001;D;000025000;202610;0;501245570;;;00000000;
1043382;J;658;911;999;001;D;000003000;202610;0;400408197;;;00000000;
1051628;L;658;011;999;001;D;000030000;202610;0;501179713;;;00000000;
1058088;I;658;914;999;001;D;000010000;202610;0;501222045;;;00000000;
106186X;K;658;911;999;001;D;000035000;202610;0;501180695;;;00000000;
1063391;I;658;914;999;001;D;000035000;202610;0;501222327;;;00000000;
1064436;K;658;914;999;001;D;000030000;202610;0;501223534;;;00000000;
1064720;J;658;914;999;001;D;000020000;202610;0;501153957;;;00000000;
1065351;L;658;914;999;001;D;000035000;202610;0;501244845;;;00000000;
1076817;J;658;028;999;001;D;000035000;202610;0;501269425;;;00000000;
1076841;I;658;028;999;001;D;000030000;202610;0;501134235;;;00000000;
1077368;K;658;028;999;001;D;000035000;202610;0;501178965;;;00000000;
1077589;P;658;028;999;001;D;000020000;202610;0;501069295;;;00000000;
1077830;J;658;028;999;001;D;000025000;202610;0;501154905;;;00000000;
1078470;C;658;028;999;001;D;000014400;202610;0;501244848;;;00000000;
1078674;J;658;028;999;001;D;000030000;202610;0;501167948;;;00000000;
1080849;I;658;090;999;001;D;000010000;202610;0;501154612;;;00000000;
1084429;K;658;027;999;001;D;000050000;202610;0;501269629;;;00000000;
1085620;R;658;027;999;001;D;000040000;202610;0;501008915;;;00000000;
1097784;F;658;097;999;001;D;000040000;202610;0;501202341;;;00000000;
1105345;L;658;914;999;001;D;000035000;202610;0;501245637;;;00000000;
1106279;J;658;914;999;001;D;000020000;202610;0;501135457;;;00000000;
1119354;J;658;090;999;001;D;000030000;202610;0;501029102;;;00000000;
1124099;F;658;090;999;001;D;000015000;202610;0;501223176;;;00000000;
1128710;K;658;914;999;001;D;000020000;202610;0;501202172;;;00000000;
112926X;J;658;914;999;001;D;000020000;202610;0;501204254;;;00000000;
1138596;I;658;095;999;001;D;000050000;202610;0;501239018;;;00000000;
1141554;F;658;090;999;001;D;000020000;202610;0;501200399;;;00000000;
1145240;K;658;914;999;001;D;000030000;202610;0;501222527;;;00000000;
1152564;H;658;012;999;001;D;000010000;202610;0;501027593;;;00000000;
1152599;E;658;012;999;001;D;000015000;202610;0;501228257;;;00000000;
1154737;I;658;028;999;001;D;000050000;202610;0;501068127;;;00000000;
1155512;K;658;914;999;001;D;000030000;202610;0;501228279;;;00000000;
1156411;I;658;914;999;001;D;000030000;202610;0;501180471;;;00000000;
1156926;L;658;914;999;001;D;000030000;202610;0;501245638;;;00000000;
115907X;H;658;090;999;001;D;000035000;202610;0;501092774;;;00000000;
1160311;I;658;914;999;001;D;000003000;202610;0;400395288;;;00000000;
116345X;G;658;012;999;001;D;000010000;202610;0;501223433;;;00000000;
1251872;E;658;130;999;001;D;000010000;202610;0;501244827;;;00000000;
1299557;H;658;090;999;001;D;000040000;202610;0;501246430;;;00000000;
130116X;M;658;027;999;001;D;000050000;202610;0;501092913;;;00000000;
1303201;G;658;027;999;001;D;000010000;202610;0;501048885;;;00000000;
1307681;G;658;001;999;001;D;000010000;202610;0;501129866;;;00000000;
130889X;D;658;012;999;001;D;000015000;202610;0;501048842;;;00000000;
1314637;K;658;090;999;001;D;000029237;202610;0;501028658;;;00000000;
1316516;H;658;027;999;001;D;000010000;202610;0;501048975;;;00000000;
1319370;I;658;089;999;001;D;000050000;202610;0;501027714;;;00000000;
1358227;I;658;914;999;001;D;000035000;202610;0;501154459;;;00000000;
1359517;K;658;914;999;001;D;000040000;202610;0;501245948;;;00000000;
1361449;H;658;914;999;001;D;000030000;202610;0;501228221;;;00000000;
1363867;M;658;911;999;001;D;000035000;202610;0;501228205;;;00000000;
1366068;L;658;090;999;001;D;000040000;202610;0;501244824;;;00000000;
1372645;E;658;001;999;001;D;000015000;202610;0;501269114;;;00000000;
1372726;F;658;001;999;001;D;000010000;202610;0;501223877;;;00000000;
1377957;F;658;012;999;001;D;000010000;202610;0;501223939;;;00000000;
1379500;F;658;001;999;001;D;000005000;202610;0;501068102;;;00000000;
1379925;H;658;021;999;001;D;000015000;202610;0;501009555;;;00000000;
1380729;F;658;001;999;001;D;000010000;202610;0;501068232;;;00000000;
1421166;H;658;914;999;001;D;000005000;202610;0;501224103;;;00000000;
1426524;D;658;089;999;001;D;000010000;202610;0;501245566;;;00000000;
1429671;I;658;009;999;001;D;000050000;202610;0;501222478;;;00000000;
1431650;G;658;009;999;001;D;000050000;202610;0;501135327;;;00000000;
1432079;K;658;914;999;001;D;000025000;202610;0;501180520;;;00000000;
143321X;I;658;914;999;001;D;000005000;202610;0;501068636;;;00000000;
143545X;N;658;090;999;001;D;000035000;202610;0;501144124;;;00000000;
1436767;G;658;001;999;001;D;000015000;202610;0;501135358;;;00000000;
1440365;G;658;021;999;001;D;000010000;202610;0;501009437;;;00000000;
146090X;H;658;120;999;001;D;000035000;202610;0;501135529;;;00000000;
1484672;G;658;918;999;001;D;000010000;202610;0;501067195;;;00000000;
1491431;G;658;918;999;001;D;000010000;202610;0;501224285;;;00000000;
1493817;F;658;918;999;001;D;000010000;202610;0;501223535;;;00000000;
1497863;C;658;918;999;001;D;000010000;202610;0;501199942;;;00000000;
1576151;I;658;914;999;001;D;000015000;202610;0;501201621;;;00000000;
1595067;I;658;012;999;001;D;000015000;202610;0;501223942;;;00000000;
1595610;D;658;012;999;001;D;000003000;202610;0;400296243;;;00000000;
1595873;I;658;012;999;001;D;000005000;202610;0;501088032;;;00000000;
159602X;I;658;012;999;001;D;000010000;202610;0;501049687;;;00000000;
1597493;I;658;028;999;001;D;000020000;202610;0;501134868;;;00000000;
1602373;L;658;027;999;001;D;000020000;202610;0;501155195;;;00000000;
160359X;I;658;028;999;001;D;000025000;202610;0;501172016;;;00000000;
1604082;K;658;028;999;001;D;000020000;202610;0;501068051;;;00000000;
1604104;G;658;028;999;001;D;000020000;202610;0;501228255;;;00000000;
1604473;L;658;028;999;001;D;000015000;202610;0;501087596;;;00000000;
1604848;L;658;028;999;001;D;000030000;202610;0;501167677;;;00000000;
1605534;K;658;028;999;001;D;000020000;202610;0;501067828;;;00000000;
160586X;J;658;028;999;001;D;000035000;202610;0;501200748;;;00000000;
160863X;H;658;001;999;001;D;000010000;202610;0;501027623;;;00000000;
1608754;G;658;012;999;001;D;000005000;202610;0;501088372;;;00000000;
1613243;L;658;090;999;001;D;000050000;202610;0;501154777;;;00000000;
1613570;F;658;918;999;001;D;000010000;202610;0;501223392;;;00000000;
1615068;F;658;009;999;001;D;000050000;202610;0;501048766;;;00000000;
1619802;D;658;146;999;001;D;000010000;202610;0;501268386;;;00000000;
162032X;F;658;146;999;001;D;000010000;202610;0;501245139;;;00000000;
1621122;G;658;146;999;001;D;000010000;202610;0;501201500;;;00000000;
162533X;G;658;146;999;001;D;000010000;202610;0;501155342;;;00000000;
162600X;D;658;146;999;001;D;000010000;202610;0;501155202;;;00000000;
1634224;E;658;146;999;001;D;000010000;202610;0;501223941;;;00000000;
1637738;H;658;146;999;001;D;000010000;202610;0;501008490;;;00000000;
1641921;E;658;146;999;001;D;000010000;202610;0;501246085;;;00000000;
164511X;H;658;146;999;001;D;000005000;202610;0;501048795;;;00000000;
1647962;D;658;146;999;001;D;000010000;202610;0;501179921;;;00000000;
1650114;G;658;146;999;001;D;000010000;202610;0;501222832;;;00000000;
1651676;G;658;146;999;001;D;000010000;202610;0;501245752;;;00000000;
1668676;E;658;097;999;001;D;000003000;202610;0;400274183;;;00000000;
1677829;H;658;090;999;001;D;000030000;202610;0;501007996;;;00000000;
167943X;F;658;012;999;001;D;000010000;202610;0;501074496;;;00000000;
1685732;N;658;009;999;001;D;000050000;202610;0;501135391;;;00000000;
1686666;I;658;012;999;001;D;000015000;202610;0;501134361;;;00000000;
1689967;F;658;090;999;001;D;000035000;202610;0;501200117;;;00000000;
1690337;L;658;009;999;001;D;000050000;202610;0;501199889;;;00000000;
1704958;I;658;012;999;001;D;000015000;202610;0;501049171;;;00000000;
1709020;K;658;914;999;001;D;000035000;202610;0;501228222;;;00000000;
1709950;L;658;914;999;001;D;000035000;202610;0;501228276;;;00000000;
1714171;H;658;914;999;001;D;000015000;202610;0;501245919;;;00000000;
1714988;H;658;914;999;001;D;000035000;202610;0;501221728;;;00000000;
171524X;I;658;914;999;001;D;000030000;202610;0;501008925;;;00000000;
1716603;O;658;914;999;001;D;000035000;202610;0;501222684;;;00000000;
1752090;M;658;012;999;001;D;000010000;202610;0;501032007;;;00000000;
1778480;F;658;918;999;001;D;000015000;202610;0;501222842;;;00000000;
1784005;L;658;090;999;001;D;000025000;202610;0;501027835;;;00000000;
1784544;I;658;012;999;001;D;000040000;202610;0;501268113;;;00000000;
1786393;L;658;914;999;001;D;000035000;202610;0;501222953;;;00000000;
1791192;I;658;914;999;001;D;000040000;202610;0;501047847;;;00000000;
1791214;M;658;914;999;001;D;000030000;202610;0;501222018;;;00000000;
1792482;I;658;918;999;001;D;000010000;202610;0;501083680;;;00000000;
1794892;I;658;028;999;001;D;000030000;202610;0;501267313;;;00000000;
1804332;K;658;321;999;001;D;000050000;202610;0;501135716;;;00000000;
1807510;I;658;012;999;001;D;000040000;202610;0;501030145;;;00000000;
181275X;L;658;090;999;001;D;000050000;202610;0;501112447;;;00000000;
1812955;K;658;090;999;001;D;000040000;202610;0;501200920;;;00000000;
1894480;J;658;097;999;001;D;000005000;202610;0;501235490;;;00000000;
1965042;G;658;028;999;001;D;000035000;202610;0;501154206;;;00000000;
1975544;J;658;012;999;001;D;000020000;202610;0;501239300;;;00000000;
1977989;L;658;090;999;001;D;000030000;202610;0;501048024;;;00000000;
1981692;L;658;095;999;001;D;000050000;202610;0;501049536;;;00000000;
1982753;E;658;090;999;001;D;000050000;202610;0;501155607;;;00000000;
1982770;E;658;090;999;001;D;000010000;202610;0;501269630;;;00000000;
1982923;K;658;090;999;001;D;000035000;202610;0;501048441;;;00000000;
1995472;J;658;914;999;001;D;000040000;202610;0;501200716;;;00000000;
1995723;M;658;914;999;001;D;000020000;202610;0;501224100;;;00000000;
1999087;F;658;011;999;001;D;000025000;202610;0;501029913;;;00000000;
1999397;H;658;914;999;001;D;000035000;202610;0;501135440;;;00000000;
1999672;J;658;914;999;001;D;000030000;202610;0;501245947;;;00000000;
2000229;F;658;914;999;001;D;000025000;202610;0;501049504;;;00000000;
2000300;M;658;914;999;001;D;000035000;202610;0;501058209;;;00000000;
2029499;F;658;914;999;001;D;000030000;202610;0;501245686;;;00000000;
2050587;L;658;914;999;001;D;000010000;202610;0;501201231;;;00000000;
2050927;F;658;914;999;001;D;000010000;202610;0;501202234;;;00000000;
2051605;G;658;914;999;001;D;000010000;202610;0;501180603;;;00000000;
2053527;F;658;914;999;001;D;000010000;202610;0;501048364;;;00000000;
2053713;G;658;914;999;001;D;000010000;202610;0;501178931;;;00000000;
2056518;H;658;914;999;001;D;000010000;202610;0;501029463;;;00000000;
2056607;I;658;914;999;001;D;000010000;202610;0;501048922;;;00000000;
2057077;G;658;914;999;001;D;000010000;202610;0;501180747;;;00000000;
2061589;G;658;914;999;001;D;000010000;202610;0;501246108;;;00000000;
2064057;I;658;028;999;001;D;000040000;202610;0;501246243;;;00000000;
2064766;J;658;028;999;001;D;000035000;202610;0;501048622;;;00000000;
2066076;I;658;028;999;001;D;000035000;202610;0;501223531;;;00000000;
2080745;G;658;012;999;001;D;000015000;202610;0;501067792;;;00000000;
2081342;F;658;027;999;001;D;000015000;202610;0;501245143;;;00000000;
2083043;J;658;090;999;001;D;000015000;202610;0;501222067;;;00000000;
208748X;F;658;012;999;001;D;000010000;202610;0;501245140;;;00000000;
2090775;F;658;012;999;001;D;000010000;202610;0;501034469;;;00000000;
2095882;I;658;090;999;001;D;000030000;202610;0;501200476;;;00000000;
2099063;G;658;012;999;001;D;000010000;202610;0;501009059;;;00000000;
2102404;G;658;090;999;001;D;000050000;202610;0;501228220;;;00000000;
2117835;Q;658;090;999;001;D;000035000;202610;0;501201191;;;00000000;
2120429;F;658;156;999;001;D;000050000;202610;0;501049015;;;00000000;
2135612;I;658;012;999;001;D;000010000;202610;0;501049641;;;00000000;
2140462;K;658;009;999;001;D;000003000;202610;0;400319064;;;00000000;
2143062;J;658;090;999;001;D;000050000;202610;0;501245829;;;00000000;
2143429;H;658;090;999;001;D;000015000;202610;0;501198765;;;00000000;
2147572;H;658;914;999;001;D;000010000;202610;0;501180715;;;00000000;
2187957;H;658;012;999;001;D;000005000;202610;0;501246258;;;00000000;
2188406;I;658;012;999;001;D;000015000;202610;0;501179289;;;00000000;
2188864;H;658;012;999;001;D;000015000;202610;0;501135064;;;00000000;
2191121;G;658;914;999;001;D;000010000;202610;0;501211309;;;00000000;
2191229;I;658;914;999;001;D;000005000;202610;0;501180645;;;00000000;
2191253;G;658;914;999;001;D;000010000;202610;0;501222955;;;00000000;
2191466;G;658;914;999;001;D;000010000;202610;0;501222349;;;00000000;
2191946;G;658;914;999;001;D;000010000;202610;0;501223140;;;00000000;
2196018;I;658;090;999;001;D;000035000;202610;0;501209610;;;00000000;
2197545;I;658;309;999;001;D;000045000;202610;0;501201071;;;00000000;
2202107;F;658;012;999;001;D;000010000;202610;0;501048780;;;00000000;
220284X;G;658;012;999;001;D;000020000;202610;0;501049859;;;00000000;
2217830;G;658;914;999;001;D;000010000;202610;0;501049177;;;00000000;
2218402;K;658;914;999;001;D;000010000;202610;0;501180980;;;00000000;
2227606;G;658;914;999;001;D;000010000;202610;0;501201338;;;00000000;
2243989;F;658;914;999;001;D;000005000;202610;0;501202287;;;00000000;
2263041;L;658;090;999;001;D;000030000;202610;0;501222847;;;00000000;
2265095;G;658;090;999;001;D;000020000;202610;0;501200313;;;00000000;
2267420;K;658;914;999;001;D;000003000;202610;0;400319175;;;00000000;
226814X;G;658;914;999;001;D;000010000;202610;0;501177430;;;00000000;
2268949;E;658;914;999;001;D;000010000;202610;0;501280931;;;00000000;
2270820;J;658;089;999;001;D;000050000;202610;0;501223099;;;00000000;
2282674;F;658;012;999;001;D;000020000;202610;0;501198728;;;00000000;
2293242;F;658;914;999;001;D;000010000;202610;0;501177602;;;00000000;
230362X;L;658;914;999;001;D;000035000;202610;0;501180112;;;00000000;
2304155;I;658;914;999;001;D;000035000;202610;0;501222778;;;00000000;
2305313;G;658;914;999;001;D;000015000;202610;0;501134808;;;00000000;
2307553;L;658;012;999;001;D;000003000;202610;0;400296648;;;00000000;
2307600;E;658;012;999;001;D;000010000;202610;0;501134362;;;00000000;
2309998;H;658;011;999;001;D;000020000;202610;0;501223395;;;00000000;
2312352;L;658;914;999;001;D;000015000;202610;0;501222361;;;00000000;
2319306;I;658;001;999;001;D;000015000;202610;0;501049389;;;00000000;
2322200;C;658;090;999;001;D;000003000;202610;0;400341335;;;00000000;
232550X;I;658;914;999;001;D;000015000;202610;0;501009189;;;00000000;
2326205;K;658;914;999;001;D;000035000;202610;0;501223096;;;00000000;
2328348;H;658;914;999;001;D;000035000;202610;0;501245753;;;00000000;
232841X;J;658;914;999;001;D;000025000;202610;0;501113046;;;00000000;
2330229;K;658;914;999;001;D;000030000;202610;0;501200391;;;00000000;
2336898;I;658;914;999;001;D;000010000;202610;0;501135328;;;00000000;
2337584;I;658;914;999;001;D;000020000;202610;0;501201145;;;00000000;
2337738;H;658;914;999;001;D;000025000;202610;0;501200352;;;00000000;
234041X;G;658;914;999;001;D;000035000;202610;0;501135397;;;00000000;
2345170;G;658;012;999;001;D;000030000;202610;0;501222688;;;00000000;
2351625;G;658;914;999;001;D;000010000;202610;0;501134809;;;00000000;
244049X;I;658;028;999;001;D;000040000;202610;0;501200151;;;00000000;
2440628;L;658;028;999;001;D;000025000;202610;0;501154326;;;00000000;
2441241;J;658;028;999;001;D;000025000;202610;0;501154701;;;00000000;
2442833;K;658;028;999;001;D;000030000;202610;0;501223859;;;00000000;
2445549;H;658;028;999;001;D;000020000;202610;0;501154686;;;00000000;
2450615;L;658;028;999;001;D;000025000;202610;0;501223529;;;00000000;
245265X;H;658;028;999;001;D;000025000;202610;0;501074481;;;00000000;
2452839;N;658;028;999;001;D;000040000;202610;0;501179360;;;00000000;
2470934;K;658;090;999;001;D;000040000;202610;0;501028786;;;00000000;
2531585;J;658;090;999;001;D;000035000;202610;0;501048428;;;00000000;
2537303;G;658;090;999;001;D;000040000;202610;0;501201387;;;00000000;
2577852;F;658;090;999;001;D;000015000;202610;0;501008885;;;00000000;
2584581;I;658;090;999;001;D;000005000;202610;0;501112279;;;00000000;
2587815;M;658;090;999;001;D;000010000;202610;0;501028812;;;00000000;
2597586;C;658;028;999;001;D;000015000;202610;0;501068488;;;00000000;
2603179;K;658;090;999;001;D;000045000;202610;0;501201195;;;00000000;
2606267;I;658;914;999;001;D;000035000;202610;0;501222833;;;00000000;
2639432;G;658;914;999;001;D;000030000;202610;0;501222559;;;00000000;
2651246;I;658;914;999;001;D;000030000;202610;0;501202467;;;00000000;
2661373;G;658;012;999;001;D;000015000;202610;0;501179680;;;00000000;
2663228;E;658;090;999;001;D;000035000;202610;0;501050440;;;00000000;
2663694;J;658;089;999;001;D;000050000;202610;0;501009586;;;00000000;
2668238;G;658;914;999;001;D;000015000;202610;0;501154266;;;00000000;
2680076;F;658;914;999;001;D;000020000;202610;0;501154649;;;00000000;
2685469;M;658;089;999;001;D;000050000;202610;0;501180692;;;00000000;
2688158;K;658;089;999;001;D;000040000;202610;0;501068514;;;00000000;
2688778;I;658;089;999;001;D;000035000;202610;0;501266633;;;00000000;
2690764;H;658;090;999;001;D;000045000;202610;0;501179615;;;00000000;
2691957;G;658;028;999;001;D;000040000;202610;0;501178231;;;00000000;
2692317;J;658;028;999;001;D;000015000;202610;0;501200137;;;00000000;
2696126;J;658;012;999;001;D;000015000;202610;0;501048796;;;00000000;
2703173;K;658;321;999;001;D;000035000;202610;0;501048353;;;00000000;
2715228;K;658;090;999;001;D;000035000;202610;0;501246004;;;00000000;
272255X;J;658;027;999;001;D;000050000;202610;0;501180229;;;00000000;
2774348;G;658;095;999;001;D;000050000;202610;0;501200555;;;00000000;
2805987;H;658;090;999;001;D;000040000;202610;0;501029465;;;00000000;
281036X;J;658;089;999;001;D;000025000;202610;0;501246245;;;00000000;
2821702;I;658;090;999;001;D;000050000;202610;0;501022139;;;00000000;
2827646;O;658;090;999;001;D;000025000;202610;0;501154356;;;00000000;
2854066;F;658;012;999;001;D;000010000;202610;0;501049522;;;00000000;
2864126;J;658;090;999;001;D;000015000;202610;0;501180617;;;00000000;
2865491;J;658;095;999;001;D;000050000;202610;0;501032006;;;00000000;
286706X;M;658;090;999;001;D;000040000;202610;0;501268125;;;00000000;
2869730;J;658;027;999;001;D;000050000;202610;0;501027899;;;00000000;
2885875;G;658;028;999;001;D;000040000;202610;0;501246089;;;00000000;
2889595;H;658;028;999;001;D;000035000;202610;0;501068233;;;00000000;
2916240;H;658;090;999;001;D;000050000;202610;0;501222436;;;00000000;
2925133;K;658;012;999;001;D;000020000;202610;0;501222318;;;00000000;
2933829;J;658;914;999;001;D;000030000;202610;0;501008277;;;00000000;
2951380;F;658;914;999;001;D;000020000;202610;0;501180146;;;00000000;
2954001;H;658;090;999;001;D;000005000;202610;0;501269830;;;00000000;
2956144;E;658;090;999;001;D;000030000;202610;0;501270237;;;00000000;
2975572;G;658;090;999;001;D;000035000;202610;0;501199822;;;00000000;
2976951;I;658;028;999;001;D;000030000;202610;0;501027554;;;00000000;
2977095;L;658;028;999;001;D;000005000;202610;0;501068252;;;00000000;
2977761;G;658;028;999;001;D;000030000;202610;0;501172147;;;00000000;
2977818;J;658;028;999;001;D;000030000;202610;0;501222149;;;00000000;
2980029;I;658;028;999;001;D;000025000;202610;0;501228229;;;00000000;
2984890;H;658;914;999;001;D;000040000;202610;0;501223241;;;00000000;
2985250;H;658;914;999;001;D;000030000;202610;0;501199891;;;00000000;
2991373;J;658;027;999;001;D;000050000;202610;0;501246261;;;00000000;
299682X;N;658;914;999;001;D;000035000;202610;0;501200922;;;00000000;
3100260;J;658;028;999;001;D;000040000;202610;0;501179917;;;00000000;
3100685;H;658;028;999;001;D;000040000;202610;0;501178234;;;00000000;
3100839;J;658;028;999;001;D;000030000;202610;0;501200366;;;00000000;
3100898;J;658;028;999;001;D;000025000;202610;0;501155110;;;00000000;
3101622;K;658;028;999;001;D;000035000;202610;0;501134748;;;00000000;
3101720;K;658;028;999;001;D;000025000;202610;0;501269289;;;00000000;
3101908;J;658;028;999;001;D;000035000;202610;0;501201095;;;00000000;
3101975;F;658;028;999;001;D;000040000;202610;0;501269424;;;00000000;
3102050;K;658;028;999;001;D;000030000;202610;0;501027555;;;00000000;
3104052;F;658;090;999;001;D;000025000;202610;0;501245640;;;00000000;
3109593;H;658;090;999;001;D;000025000;202610;0;501049014;;;00000000;
3109771;I;658;090;999;001;D;000050000;202610;0;501268162;;;00000000;
3112802;J;658;027;999;001;D;000040000;202610;0;501154877;;;00000000;
316805X;D;658;914;999;001;D;000015000;202610;0;501180548;;;00000000;
3170594;H;658;914;999;001;D;000035000;202610;0;501200102;;;00000000;
3170624;K;658;914;999;001;D;000040000;202610;0;501027642;;;00000000;
3187802;L;658;090;999;001;D;000025000;202610;0;501181844;;;00000000;
3197638;H;658;090;999;001;D;000050000;202610;0;501047708;;;00000000;
3198049;H;658;012;999;001;D;000015000;202610;0;501266515;;;00000000;
3208575;L;658;914;999;001;D;000020000;202610;0;501246394;;;00000000;
3214893;J;658;090;999;001;D;000035000;202610;0;501201174;;;00000000;
3220095;H;658;090;999;001;D;000035000;202610;0;501243824;;;00000000;
3285995;G;658;914;999;001;D;000015000;202610;0;501008199;;;00000000;
3292177;I;658;914;999;001;D;000020000;202610;0;501223390;;;00000000;
3299945;D;658;028;999;001;D;000010000;202610;0;501048895;;;00000000;
3300013;D;658;028;999;001;D;000015000;202610;0;501035012;;;00000000;
3300552;F;658;015;999;001;D;000025000;202610;0;501088374;;;00000000;
3310639;E;658;090;999;001;D;000020000;202610;0;501032433;;;00000000;
3313832;I;658;028;999;001;D;000035000;202610;0;501155337;;;00000000;
3314553;G;658;028;999;001;D;000035000;202610;0;501027672;;;00000000;
331501X;F;658;028;999;001;D;000035000;202610;0;501153963;;;00000000;
3316459;G;658;028;999;001;D;000040000;202610;0;501222321;;;00000000;
3319440;H;658;914;999;001;D;000015000;202610;0;501027678;;;00000000;
3319946;G;658;090;999;001;D;000035000;202610;0;501027604;;;00000000;
3324729;H;658;321;999;001;D;000035000;202610;0;501228278;;;00000000;
3324940;G;658;090;999;001;D;000050000;202610;0;501222315;;;00000000;
3338851;H;658;090;999;001;D;000035000;202610;0;501155039;;;00000000;
3421686;D;658;090;999;001;D;000015000;202610;0;501027625;;;00000000;
3436292;O;658;321;999;001;D;000050000;202610;0;501049605;;;00000000;
3436748;F;658;914;999;001;D;000020000;202610;0;501029482;;;00000000;
343678X;H;658;914;999;001;D;000020000;202610;0;501036100;;;00000000;
344443X;G;658;090;999;001;D;000030000;202610;0;501033319;;;00000000;
3526798;G;658;090;999;001;D;000015000;202610;0;501223871;;;00000000;
3540294;J;658;027;999;001;D;000050000;202610;0;501082820;;;00000000;
3563090;K;658;090;999;001;D;000050000;202610;0;501027590;;;00000000;
3567958;I;658;028;999;001;D;000040000;202610;0;501223090;;;00000000;
3568008;G;658;028;999;001;D;000040000;202610;0;501200823;;;00000000;
3568601;H;658;028;999;001;D;000040000;202610;0;501245960;;;00000000;
3593703;K;658;028;999;001;D;000040000;202610;0;501178548;;;00000000;
3611973;F;658;090;999;001;D;000045000;202610;0;501153997;;;00000000;
363865X;N;658;097;999;001;D;000030000;202610;0;501068584;;;00000000;
3659399;B;658;918;999;001;D;000035000;202610;0;501048755;;;00000000;
3690792;I;658;095;999;001;D;000050000;202610;0;501179740;;;00000000;
3692132;H;658;027;999;001;D;000045000;202610;0;501069671;;;00000000;
3693236;I;658;027;999;001;D;000045000;202610;0;501246395;;;00000000;
3693546;H;658;027;999;001;D;000045000;202610;0;501069864;;;00000000;
3694500;E;658;090;999;001;D;000020000;202610;0;501032453;;;00000000;
3699030;G;658;090;999;001;D;000040000;202610;0;501069822;;;00000000;
3717216;C;658;010;999;001;D;000045000;202610;0;501200713;;;00000000;
371836X;G;658;090;999;001;D;000030000;202610;0;501199431;;;00000000;
3732274;F;658;027;999;001;D;000040000;202610;0;501027601;;;00000000;
373666X;D;658;010;999;001;D;000005000;202610;0;501055157;;;00000000;
3738060;F;658;147;999;001;D;000045000;202610;0;501222486;;;00000000;
3740315;F;658;116;999;001;D;000020000;202610;0;501200060;;;00000000;
3769062;A;658;095;999;001;D;000015000;202610;0;501201931;;;00000000;
3782336;F;658;343;999;001;D;000020000;202610;0;501009103;;;00000000;
3792200;A;658;012;999;001;D;000020000;202610;0;501222516;;;00000000;
3792412;C;658;012;999;001;D;000015000;202610;0;501200468;;;00000000;
3801551;B;658;012;999;001;D;000015000;202610;0;501207327;;;00000000;
3821412;J;658;028;999;001;D;000040000;202610;0;501200146;;;00000000;
382335X;H;658;028;999;001;D;000035000;202610;0;501049176;;;00000000;
3824853;G;658;028;999;001;D;000025000;202610;0;501200984;;;00000000;
3826180;H;658;028;999;001;D;000040000;202610;0;501246354;;;00000000;
3832139;C;658;012;999;001;D;000015000;202610;0;501200061;;;00000000;
3837696;A;658;012;999;001;D;000025000;202610;0;501222569;;;00000000;
3841545;C;658;012;999;001;D;000020000;202610;0;501200596;;;00000000;
3844498;D;658;012;999;001;D;000025000;202610;0;501200213;;;00000000;
3845893;A;658;012;999;001;D;000010000;202610;0;501201262;;;00000000;
3857417;I;658;090;999;001;D;000045000;202610;0;501200899;;;00000000;
3878449;B;658;012;999;001;D;000010000;202610;0;501222777;;;00000000;
3887715;A;658;012;999;001;D;000015000;202610;0;501222416;;;00000000;
3892689;C;658;012;999;001;D;000030000;202610;0;501135042;;;00000000;
3895602;A;658;012;999;001;D;000010000;202610;0;501200298;;;00000000;
3903940;B;658;918;999;001;D;000010000;202610;0;501029110;;;00000000;
3911918;B;658;918;999;001;D;000015000;202610;0;501222751;;;00000000;
3922278;B;658;001;999;001;D;000015000;202610;0;501223432;;;00000000;
3944140;B;658;027;999;001;D;000010000;202610;0;501200089;;;00000000;
3952665;C;658;012;999;001;D;000020000;202610;0;501202113;;;00000000;
3964221;A;658;918;999;001;D;000015000;202610;0;501223426;;;00000000;
3975037;D;658;012;999;001;D;000010000;202610;0;501200606;;;00000000;
3986918;A;658;918;999;001;D;000010000;202610;0;501222679;;;00000000;
3998738;D;658;918;999;001;D;000020000;202610;0;501222741;;;00000000;
4006852;F;658;090;999;001;D;000035000;202610;0;501228217;;;00000000;
4008090;A;658;918;999;001;D;000020000;202610;0;501200312;;;00000000;
401014X;B;658;001;999;001;D;000015000;202610;0;501200310;;;00000000;
4012232;D;658;918;999;001;D;000040000;202610;0;501223528;;;00000000;
403443X;B;658;918;999;001;D;000015000;202610;0;501198478;;;00000000;
4040236;B;658;918;999;001;D;000015000;202610;0;501200401;;;00000000;
4042123;C;658;918;999;001;D;000010000;202610;0;501200491;;;00000000;
4045386;D;658;001;999;001;D;000015000;202610;0;501223239;;;00000000;
4045556;F;658;001;999;001;D;000015000;202610;0;501200763;;;00000000;
4059352;D;658;918;999;001;D;000010000;202610;0;501200489;;;00000000;
4063325;A;658;918;999;001;D;000015000;202610;0;501202090;;;00000000;
4066243;D;658;918;999;001;D;000015000;202610;0;501048196;;;00000000;
406987X;A;658;918;999;001;D;000010000;202610;0;501223932;;;00000000;
4074530;A;658;918;999;001;D;000010000;202610;0;501222646;;;00000000;
408061X;I;658;028;999;001;D;000040000;202610;0;501228207;;;00000000;
4082532;H;658;089;999;001;D;000035000;202610;0;501032008;;;00000000;
4087828;L;658;963;999;001;D;000025000;202610;0;501222841;;;00000000;
4087852;H;658;963;999;001;D;000030000;202610;0;501154167;;;00000000;
4093844;A;658;011;999;001;D;000010000;202610;0;501222329;;;00000000;
4100603;C;658;918;999;001;D;000030000;202610;0;501223175;;;00000000;
4117794;B;658;011;999;001;D;000030000;202610;0;501222382;;;00000000;
4131525;A;658;011;999;001;D;000030000;202610;0;501223431;;;00000000;
4139801;G;658;090;999;001;D;000050000;202610;0;501029819;;;00000000;
4151585;A;658;918;999;001;D;000015000;202610;0;501223427;;;00000000;
4154274;B;658;918;999;001;D;000015000;202610;0;501201383;;;00000000;
4178254;D;658;012;999;001;D;000015000;202610;0;501201056;;;00000000;
4185943;C;658;918;999;001;D;000015000;202610;0;501201460;;;00000000;
4189809;C;658;011;999;001;D;000010000;202610;0;501028445;;;00000000;
4189825;A;658;918;999;001;D;000010000;202610;0;501200139;;;00000000;
4211138;C;658;918;999;001;D;000050000;202610;0;501201340;;;00000000;
423272X;A;658;012;999;001;D;000010000;202610;0;501222359;;;00000000;
4266943;B;658;012;999;001;D;000015000;202610;0;501222336;;;00000000;
4267508;C;658;012;999;001;D;000020000;202610;0;501223526;;;00000000;
4284615;A;658;918;999;001;D;000010000;202610;0;501201098;;;00000000;
4298187;A;658;089;999;001;D;000020000;202610;0;501223232;;;00000000;
4301285;F;658;090;999;001;D;000045000;202610;0;501199428;;;00000000;
4314549;I;658;028;999;001;D;000025000;202610;0;501223243;;;00000000;
4314620;K;658;028;999;001;D;000040000;202610;0;501200860;;;00000000;
4320336;F;658;028;999;001;D;000040000;202610;0;501222873;;;00000000;
4324838;B;658;918;999;001;D;000010000;202610;0;501200138;;;00000000;
4334582;H;658;095;999;001;D;000050000;202610;0;501200749;;;00000000;
4335392;H;658;095;999;001;D;000040000;202610;0;501068635;;;00000000;
4357051;A;658;095;999;001;D;000010000;202610;0;501222319;;;00000000;
4364872;A;658;918;999;001;D;000015000;202610;0;501200715;;;00000000;
4365933;A;658;918;999;001;D;000015000;202610;0;501223021;;;00000000;
4387589;D;658;012;999;001;D;000025000;202610;0;501222919;;;00000000;
4407423;B;658;918;999;001;D;000010000;202610;0;501112844;;;00000000;
4408446;A;658;918;999;001;D;000015000;202610;0;501222643;;;00000000;
4418930;B;658;918;999;001;D;000015000;202610;0;501201524;;;00000000;
4423976;A;658;012;999;001;D;000025000;202610;0;501223092;;;00000000;
4423992;A;658;012;999;001;D;000025000;202610;0;501200198;;;00000000;
4439180;B;658;918;999;001;D;000010000;202610;0;501223088;;;00000000;
4447557;D;658;090;999;001;D;000040000;202610;0;501180805;;;00000000;
4449428;A;658;918;999;001;D;000020000;202610;0;501222950;;;00000000;
4457587;D;658;918;999;001;D;000035000;202610;0;501200218;;;00000000;
4460120;A;658;918;999;001;D;000040000;202610;0;501222865;;;00000000;
4465741;A;658;918;999;001;D;000020000;202610;0;501222642;;;00000000;
4473132;A;658;918;999;001;D;000020000;202610;0;501223428;;;00000000;
4500601;A;658;918;999;001;D;000020000;202610;0;501222951;;;00000000;
4565509;A;658;918;999;001;D;000010000;202610;0;501223178;;;00000000;
4584767;A;658;012;999;001;D;000010000;202610;0;501223014;;;00000000;
